{
  "schema": "dog2_stage2_stand_v1",
  "description": "World positions (m) at canonical stand q; rail parent matches explicit leg_mount topology",
  "q_freeflyer": [
    0.0,
    0.0,
    0.4,
    0.0,
    0.0,
    0.0,
    1.0
  ],
  "leg_js": {
    "lf": [
      0.0,
      0.0,
      0.3,
      -0.5
    ],
    "lh": [
      0.0,
      0.0,
      0.3,
      -0.5
    ],
    "rh": [
      0.0,
      0.0,
      0.3,
      -0.5
    ],
    "rf": [
      0.0,
      0.0,
      0.3,
      -0.5
    ]
  },
  "tol_m": 1e-05,
  "hip_world": {
    "lf": [
      0.3895750000000001,
      0.24002999999999997,
      0.15500000000000003
    ],
    "lh": [
      0.11107500000000012,
      0.24002999999999997,
      0.15500000000000003
    ],
    "rh": [
      0.1110750000000001,
      0.010029999999999997,
      0.15500000000000003
    ],
    "rf": [
      0.3806750000000001,
      0.01002999999999997,
      0.15500000000000003
    ]
  },
  "foot_world": {
    "lf": [
      0.3630676708654538,
      0.24342999999999998,
      -0.2342024562566542
    ],
    "lh": [
      0.08456767086545375,
      0.24342999999999998,
      -0.2342024562566542
    ],
    "rh": [
      0.08456767086545355,
      0.008629999999999834,
      -0.23420245625665415
    ],
    "rf": [
      0.35412617713090333,
      0.008629999999999806,
      -0.2342343352464919
    ]
  }
}
